{"cameraMode":{"drawMode":0,"name":"Shaded","section":"Shading Mode"},"sceneLighting":true,"audioPlay":false,"sceneViewState":{"m_AlwaysRefresh":false,"showFog":true,"showSkybox":true,"showFlares":true,"showImageEffects":true,"showParticleSystems":true,"showVisualEffectGraphs":true,"m_FxEnabled":false},"in2DMode":false,"pivot":{"x":-2.4528098106384279,"y":2.550255537033081,"z":3.1163554191589357},"rotation":{"x":0.00012678206257987767,"y":-0.9996508359909058,"z":-0.007190007716417313,"w":-0.022516397759318353},"size":0.8660253882408142,"orthographic":false}