{"cameraMode":{"drawMode":0,"name":"Shaded","section":"Shading Mode"},"sceneLighting":false,"audioPlay":false,"sceneViewState":{"m_AlwaysRefresh":false,"showFog":true,"showSkybox":true,"showFlares":true,"showImageEffects":true,"showParticleSystems":true,"showVisualEffectGraphs":true,"m_FxEnabled":true},"in2DMode":false,"pivot":{"x":-1.5679645538330079,"y":-1.5260041952133179,"z":0.9570154547691345},"rotation":{"x":0.14513540267944337,"y":-0.6791763305664063,"z":0.13966263830661775,"w":0.7057839035987854},"size":4.752374649047852,"orthographic":false}