{"cameraMode":{"drawMode":0,"name":"Shaded","section":"Shading Mode"},"sceneLighting":false,"audioPlay":false,"sceneViewState":{"m_AlwaysRefresh":false,"showFog":true,"showSkybox":true,"showFlares":true,"showImageEffects":true,"showParticleSystems":true,"showVisualEffectGraphs":true,"m_FxEnabled":true},"in2DMode":false,"pivot":{"x":-1.7731691598892213,"y":-0.2944169044494629,"z":1.9414963722229005},"rotation":{"x":0.13725081086158753,"y":-0.2220277637243271,"z":0.031584929674863818,"w":0.9648061394691467},"size":4.752374649047852,"orthographic":false}